trackName,artist,date,region
Starboy,The Weeknd,1/1/17,lt
Starboy,The Weeknd,1/1/17,ee
Starboy,The Weeknd,1/1/17,ca
Starboy,The Weeknd,1/1/17,pt
Starboy,The Weeknd,1/1/17,is
Starboy,The Weeknd,1/1/17,sk
Starboy,The Weeknd,1/1/17,lu
Starboy,The Weeknd,1/1/17,au
Starboy,The Weeknd,1/1/17,lv
Starboy,The Weeknd,1/1/17,gr
Shape of You,Ed Sheeran,1/10/17,jp
Shape of You,Ed Sheeran,1/10/17,cz
Shape of You,Ed Sheeran,1/10/17,pl
Shape of You,Ed Sheeran,1/10/17,be
Shape of You,Ed Sheeran,1/10/17,hu
Shape of You,Ed Sheeran,1/10/17,fr
Shape of You,Ed Sheeran,1/10/17,ch
Shape of You,Ed Sheeran,1/10/17,my
Shape of You,Ed Sheeran,1/10/17,gr
Shape of You,Ed Sheeran,1/10/17,sk
Shape of You,Ed Sheeran,1/10/17,lu
Shape of You,Ed Sheeran,1/10/17,de
Shape of You,Ed Sheeran,1/10/17,at
Shape of You,Ed Sheeran,1/10/17,lt
Shape of You,Ed Sheeran,1/10/17,au
Shape of You,Ed Sheeran,1/10/17,ee
Shape of You,Ed Sheeran,1/10/17,lv
Shape of You,Ed Sheeran,1/10/17,hk
Shape of You,Ed Sheeran,1/10/17,nz
Shape of You,Ed Sheeran,1/10/17,sg
Shape of You,Ed Sheeran,1/10/17,dk
Shape of You,Ed Sheeran,1/10/17,ca
Shape of You,Ed Sheeran,1/10/17,id
Shape of You,Ed Sheeran,1/10/17,pt
Shape of You,Ed Sheeran,1/10/17,nl
Shape of You,Ed Sheeran,1/10/17,fi
Shape of You,Ed Sheeran,1/10/17,no
Shape of You,Ed Sheeran,1/10/17,it
Shape of You,Ed Sheeran,1/10/17,tw
Shape of You,Ed Sheeran,1/10/17,se
Shape of You,Ed Sheeran,1/10/17,is
Shape of You,Ed Sheeran,1/10/17,ie
Shape of You,Ed Sheeran,1/10/17,gb
Shape of You,Ed Sheeran,1/20/17,jp
Shape of You,Ed Sheeran,1/20/17,cz
Shape of You,Ed Sheeran,1/20/17,pl
Shape of You,Ed Sheeran,1/20/17,be
Shape of You,Ed Sheeran,1/20/17,hu
Shape of You,Ed Sheeran,1/20/17,fr
Shape of You,Ed Sheeran,1/20/17,ch
Shape of You,Ed Sheeran,1/20/17,my
Shape of You,Ed Sheeran,1/20/17,gr
Shape of You,Ed Sheeran,1/20/17,sk
Shape of You,Ed Sheeran,1/20/17,lu
Shape of You,Ed Sheeran,1/20/17,de
Shape of You,Ed Sheeran,1/20/17,at
Shape of You,Ed Sheeran,1/20/17,lt
Shape of You,Ed Sheeran,1/20/17,au
Shape of You,Ed Sheeran,1/20/17,ee
Shape of You,Ed Sheeran,1/20/17,lv
Shape of You,Ed Sheeran,1/20/17,hk
Shape of You,Ed Sheeran,1/20/17,nz
Shape of You,Ed Sheeran,1/20/17,sg
Shape of You,Ed Sheeran,1/20/17,dk
Shape of You,Ed Sheeran,1/20/17,ca
Shape of You,Ed Sheeran,1/20/17,id
Shape of You,Ed Sheeran,1/20/17,pt
Shape of You,Ed Sheeran,1/20/17,nl
Shape of You,Ed Sheeran,1/20/17,fi
Shape of You,Ed Sheeran,1/20/17,no
Shape of You,Ed Sheeran,1/20/17,it
Shape of You,Ed Sheeran,1/20/17,tw
Shape of You,Ed Sheeran,1/20/17,se
Shape of You,Ed Sheeran,1/20/17,is
Shape of You,Ed Sheeran,1/20/17,ie
Shape of You,Ed Sheeran,1/20/17,gb
Shape of You,Ed Sheeran,1/30/17,jp
Shape of You,Ed Sheeran,1/30/17,cz
Shape of You,Ed Sheeran,1/30/17,pl
Shape of You,Ed Sheeran,1/30/17,tr
Shape of You,Ed Sheeran,1/30/17,be
Shape of You,Ed Sheeran,1/30/17,hu
Shape of You,Ed Sheeran,1/30/17,fr
Shape of You,Ed Sheeran,1/30/17,ch
Shape of You,Ed Sheeran,1/30/17,my
Shape of You,Ed Sheeran,1/30/17,gr
Shape of You,Ed Sheeran,1/30/17,sk
Shape of You,Ed Sheeran,1/30/17,lu
Shape of You,Ed Sheeran,1/30/17,de
Shape of You,Ed Sheeran,1/30/17,at
Shape of You,Ed Sheeran,1/30/17,lt
Shape of You,Ed Sheeran,1/30/17,au
Shape of You,Ed Sheeran,1/30/17,ee
Shape of You,Ed Sheeran,1/30/17,lv
Shape of You,Ed Sheeran,1/30/17,hk
Shape of You,Ed Sheeran,1/30/17,nz
Shape of You,Ed Sheeran,1/30/17,sg
Shape of You,Ed Sheeran,1/30/17,dk
Shape of You,Ed Sheeran,1/30/17,ca
Shape of You,Ed Sheeran,1/30/17,id
Shape of You,Ed Sheeran,1/30/17,pt
Shape of You,Ed Sheeran,1/30/17,nl
Shape of You,Ed Sheeran,1/30/17,fi
Shape of You,Ed Sheeran,1/30/17,no
Shape of You,Ed Sheeran,1/30/17,it
Shape of You,Ed Sheeran,1/30/17,tw
Shape of You,Ed Sheeran,1/30/17,se
Shape of You,Ed Sheeran,1/30/17,is
Shape of You,Ed Sheeran,1/30/17,ie
Shape of You,Ed Sheeran,1/30/17,gb
Shape of You,Ed Sheeran,2/1/17,jp
Shape of You,Ed Sheeran,2/1/17,cz
Shape of You,Ed Sheeran,2/1/17,pl
Shape of You,Ed Sheeran,2/1/17,tr
Shape of You,Ed Sheeran,2/1/17,be
Shape of You,Ed Sheeran,2/1/17,hu
Shape of You,Ed Sheeran,2/1/17,fr
Shape of You,Ed Sheeran,2/1/17,ch
Shape of You,Ed Sheeran,2/1/17,my
Shape of You,Ed Sheeran,2/1/17,gr
Shape of You,Ed Sheeran,2/1/17,sk
Shape of You,Ed Sheeran,2/1/17,lu
Shape of You,Ed Sheeran,2/1/17,de
Shape of You,Ed Sheeran,2/1/17,at
Shape of You,Ed Sheeran,2/1/17,lt
Shape of You,Ed Sheeran,2/1/17,au
Shape of You,Ed Sheeran,2/1/17,ee
Shape of You,Ed Sheeran,2/1/17,lv
Shape of You,Ed Sheeran,2/1/17,hk
Shape of You,Ed Sheeran,2/1/17,nz
Shape of You,Ed Sheeran,2/1/17,sg
Shape of You,Ed Sheeran,2/1/17,dk
Shape of You,Ed Sheeran,2/1/17,ca
Shape of You,Ed Sheeran,2/1/17,id
Shape of You,Ed Sheeran,2/1/17,pt
Shape of You,Ed Sheeran,2/1/17,br
Shape of You,Ed Sheeran,2/1/17,nl
Shape of You,Ed Sheeran,2/1/17,fi
Shape of You,Ed Sheeran,2/1/17,no
Shape of You,Ed Sheeran,2/1/17,it
Shape of You,Ed Sheeran,2/1/17,tw
Shape of You,Ed Sheeran,2/1/17,se
Shape of You,Ed Sheeran,2/1/17,is
Shape of You,Ed Sheeran,2/1/17,ie
Shape of You,Ed Sheeran,2/1/17,gb
Shape of You,Ed Sheeran,2/10/17,jp
Shape of You,Ed Sheeran,2/10/17,cz
Shape of You,Ed Sheeran,2/10/17,pl
Shape of You,Ed Sheeran,2/10/17,tr
Shape of You,Ed Sheeran,2/10/17,be
Shape of You,Ed Sheeran,2/10/17,hu
Shape of You,Ed Sheeran,2/10/17,fr
Shape of You,Ed Sheeran,2/10/17,ch
Shape of You,Ed Sheeran,2/10/17,my
Shape of You,Ed Sheeran,2/10/17,gr
Shape of You,Ed Sheeran,2/10/17,sk
Shape of You,Ed Sheeran,2/10/17,lu
Shape of You,Ed Sheeran,2/10/17,de
Shape of You,Ed Sheeran,2/10/17,at
Shape of You,Ed Sheeran,2/10/17,lt
Shape of You,Ed Sheeran,2/10/17,au
Shape of You,Ed Sheeran,2/10/17,ee
Shape of You,Ed Sheeran,2/10/17,lv
Shape of You,Ed Sheeran,2/10/17,hk
Shape of You,Ed Sheeran,2/10/17,nz
Shape of You,Ed Sheeran,2/10/17,sg
Shape of You,Ed Sheeran,2/10/17,dk
Shape of You,Ed Sheeran,2/10/17,ca
Shape of You,Ed Sheeran,2/10/17,id
Shape of You,Ed Sheeran,2/10/17,pt
Shape of You,Ed Sheeran,2/10/17,br
Shape of You,Ed Sheeran,2/10/17,nl
Shape of You,Ed Sheeran,2/10/17,no
Shape of You,Ed Sheeran,2/10/17,it
Shape of You,Ed Sheeran,2/10/17,tw
Shape of You,Ed Sheeran,2/10/17,us
Shape of You,Ed Sheeran,2/10/17,se
Shape of You,Ed Sheeran,2/10/17,is
Shape of You,Ed Sheeran,2/10/17,ie
Shape of You,Ed Sheeran,2/10/17,gb
Shape of You,Ed Sheeran,2/20/17,jp
Shape of You,Ed Sheeran,2/20/17,cz
Shape of You,Ed Sheeran,2/20/17,pl
Shape of You,Ed Sheeran,2/20/17,tr
Shape of You,Ed Sheeran,2/20/17,be
Shape of You,Ed Sheeran,2/20/17,hu
Shape of You,Ed Sheeran,2/20/17,fr
Shape of You,Ed Sheeran,2/20/17,ch
Shape of You,Ed Sheeran,2/20/17,my
Shape of You,Ed Sheeran,2/20/17,gr
Shape of You,Ed Sheeran,2/20/17,sk
Shape of You,Ed Sheeran,2/20/17,lu
Shape of You,Ed Sheeran,2/20/17,de
Shape of You,Ed Sheeran,2/20/17,at
Shape of You,Ed Sheeran,2/20/17,lt
Shape of You,Ed Sheeran,2/20/17,au
Shape of You,Ed Sheeran,2/20/17,ee
Shape of You,Ed Sheeran,2/20/17,lv
Shape of You,Ed Sheeran,2/20/17,hk
Shape of You,Ed Sheeran,2/20/17,nz
Shape of You,Ed Sheeran,2/20/17,ph
Shape of You,Ed Sheeran,2/20/17,sg
Shape of You,Ed Sheeran,2/20/17,dk
Shape of You,Ed Sheeran,2/20/17,ca
Shape of You,Ed Sheeran,2/20/17,id
Shape of You,Ed Sheeran,2/20/17,pt
Shape of You,Ed Sheeran,2/20/17,br
Shape of You,Ed Sheeran,2/20/17,nl
Shape of You,Ed Sheeran,2/20/17,tw
Shape of You,Ed Sheeran,2/20/17,us
Shape of You,Ed Sheeran,2/20/17,is
Shape of You,Ed Sheeran,2/20/17,ie
Shape of You,Ed Sheeran,2/20/17,gb
Shape of You,Ed Sheeran,2/28/17,cz
Shape of You,Ed Sheeran,2/28/17,pl
Shape of You,Ed Sheeran,2/28/17,tr
Shape of You,Ed Sheeran,2/28/17,be
Shape of You,Ed Sheeran,2/28/17,hu
Shape of You,Ed Sheeran,2/28/17,fr
Shape of You,Ed Sheeran,2/28/17,ch
Shape of You,Ed Sheeran,2/28/17,gr
Shape of You,Ed Sheeran,2/28/17,sk
Shape of You,Ed Sheeran,2/28/17,lu
Shape of You,Ed Sheeran,2/28/17,de
Shape of You,Ed Sheeran,2/28/17,at
Shape of You,Ed Sheeran,2/28/17,lt
Shape of You,Ed Sheeran,2/28/17,au
Shape of You,Ed Sheeran,2/28/17,ee
Shape of You,Ed Sheeran,2/28/17,lv
Shape of You,Ed Sheeran,2/28/17,nz
Shape of You,Ed Sheeran,2/28/17,ph
Shape of You,Ed Sheeran,2/28/17,ca
Shape of You,Ed Sheeran,2/28/17,pt
Shape of You,Ed Sheeran,2/28/17,nl
Shape of You,Ed Sheeran,2/28/17,it
Shape of You,Ed Sheeran,2/28/17,us
Shape of You,Ed Sheeran,2/28/17,ie
Shape of You,Ed Sheeran,2/28/17,gb
Something Just Like This,The Chainsmokers,2/28/17,jp
Something Just Like This,The Chainsmokers,2/28/17,my
Something Just Like This,The Chainsmokers,2/28/17,sg
Something Just Like This,The Chainsmokers,2/28/17,id
Something Just Like This,The Chainsmokers,2/28/17,hk
Something Just Like This,The Chainsmokers,2/28/17,tw
Shape of You,Ed Sheeran,3/1/17,cz
Shape of You,Ed Sheeran,3/1/17,pl
Shape of You,Ed Sheeran,3/1/17,tr
Shape of You,Ed Sheeran,3/1/17,be
Shape of You,Ed Sheeran,3/1/17,hu
Shape of You,Ed Sheeran,3/1/17,fr
Shape of You,Ed Sheeran,3/1/17,ch
Shape of You,Ed Sheeran,3/1/17,my
Shape of You,Ed Sheeran,3/1/17,gr
Shape of You,Ed Sheeran,3/1/17,sk
Shape of You,Ed Sheeran,3/1/17,lu
Shape of You,Ed Sheeran,3/1/17,de
Shape of You,Ed Sheeran,3/1/17,at
Shape of You,Ed Sheeran,3/1/17,lt
Shape of You,Ed Sheeran,3/1/17,au
Shape of You,Ed Sheeran,3/1/17,ee
Shape of You,Ed Sheeran,3/1/17,lv
Shape of You,Ed Sheeran,3/1/17,nz
Shape of You,Ed Sheeran,3/1/17,ph
Shape of You,Ed Sheeran,3/1/17,ca
Shape of You,Ed Sheeran,3/1/17,pt
Shape of You,Ed Sheeran,3/1/17,nl
Shape of You,Ed Sheeran,3/1/17,it
Shape of You,Ed Sheeran,3/1/17,us
Shape of You,Ed Sheeran,3/1/17,ie
Shape of You,Ed Sheeran,3/1/17,gb
Something Just Like This,The Chainsmokers,3/1/17,jp
Something Just Like This,The Chainsmokers,3/1/17,sg
Something Just Like This,The Chainsmokers,3/1/17,id
Something Just Like This,The Chainsmokers,3/1/17,hk
Something Just Like This,The Chainsmokers,3/1/17,tw
Shape of You,Ed Sheeran,3/10/17,jp
Shape of You,Ed Sheeran,3/10/17,cz
Shape of You,Ed Sheeran,3/10/17,pl
Shape of You,Ed Sheeran,3/10/17,tr
Shape of You,Ed Sheeran,3/10/17,be
Shape of You,Ed Sheeran,3/10/17,hu
Shape of You,Ed Sheeran,3/10/17,fr
Shape of You,Ed Sheeran,3/10/17,ch
Shape of You,Ed Sheeran,3/10/17,my
Shape of You,Ed Sheeran,3/10/17,gr
Shape of You,Ed Sheeran,3/10/17,sk
Shape of You,Ed Sheeran,3/10/17,lu
Shape of You,Ed Sheeran,3/10/17,de
Shape of You,Ed Sheeran,3/10/17,at
Shape of You,Ed Sheeran,3/10/17,lt
Shape of You,Ed Sheeran,3/10/17,au
Shape of You,Ed Sheeran,3/10/17,ee
Shape of You,Ed Sheeran,3/10/17,lv
Shape of You,Ed Sheeran,3/10/17,hk
Shape of You,Ed Sheeran,3/10/17,nz
Shape of You,Ed Sheeran,3/10/17,ph
Shape of You,Ed Sheeran,3/10/17,sg
Shape of You,Ed Sheeran,3/10/17,dk
Shape of You,Ed Sheeran,3/10/17,ca
Shape of You,Ed Sheeran,3/10/17,id
Shape of You,Ed Sheeran,3/10/17,pt
Shape of You,Ed Sheeran,3/10/17,br
Shape of You,Ed Sheeran,3/10/17,nl
Shape of You,Ed Sheeran,3/10/17,us
Shape of You,Ed Sheeran,3/10/17,se
Something Just Like This,The Chainsmokers,3/10/17,tw
Shape of You,Ed Sheeran,3/20/17,jp
Shape of You,Ed Sheeran,3/20/17,cz
Shape of You,Ed Sheeran,3/20/17,pl
Shape of You,Ed Sheeran,3/20/17,tr
Shape of You,Ed Sheeran,3/20/17,be
Shape of You,Ed Sheeran,3/20/17,hu
Shape of You,Ed Sheeran,3/20/17,fr
Shape of You,Ed Sheeran,3/20/17,ch
Shape of You,Ed Sheeran,3/20/17,my
Shape of You,Ed Sheeran,3/20/17,gr
Shape of You,Ed Sheeran,3/20/17,sk
Shape of You,Ed Sheeran,3/20/17,lu
Shape of You,Ed Sheeran,3/20/17,de
Shape of You,Ed Sheeran,3/20/17,at
Shape of You,Ed Sheeran,3/20/17,lt
Shape of You,Ed Sheeran,3/20/17,au
Shape of You,Ed Sheeran,3/20/17,ee
Shape of You,Ed Sheeran,3/20/17,lv
Shape of You,Ed Sheeran,3/20/17,hk
Shape of You,Ed Sheeran,3/20/17,nz
Shape of You,Ed Sheeran,3/20/17,ph
Shape of You,Ed Sheeran,3/20/17,sg
Shape of You,Ed Sheeran,3/20/17,id
Shape of You,Ed Sheeran,3/20/17,br
Shape of You,Ed Sheeran,3/20/17,fi
Shape of You,Ed Sheeran,3/20/17,cr
Me Reh√∫so,Danny Ocean,3/20/17,py
Something Just Like This,The Chainsmokers,3/20/17,tw
Shape of You,Ed Sheeran,3/30/17,jp
Shape of You,Ed Sheeran,3/30/17,cz
Shape of You,Ed Sheeran,3/30/17,pl
Shape of You,Ed Sheeran,3/30/17,tr
Shape of You,Ed Sheeran,3/30/17,be
Shape of You,Ed Sheeran,3/30/17,hu
Shape of You,Ed Sheeran,3/30/17,fr
Shape of You,Ed Sheeran,3/30/17,ch
Shape of You,Ed Sheeran,3/30/17,my
Shape of You,Ed Sheeran,3/30/17,gr
Shape of You,Ed Sheeran,3/30/17,sk
Shape of You,Ed Sheeran,3/30/17,lu
Shape of You,Ed Sheeran,3/30/17,de
Shape of You,Ed Sheeran,3/30/17,at
Shape of You,Ed Sheeran,3/30/17,lt
Shape of You,Ed Sheeran,3/30/17,au
Shape of You,Ed Sheeran,3/30/17,ee
Shape of You,Ed Sheeran,3/30/17,lv
Shape of You,Ed Sheeran,3/30/17,hk
Shape of You,Ed Sheeran,3/30/17,nz
Shape of You,Ed Sheeran,3/30/17,ph
Shape of You,Ed Sheeran,3/30/17,sg
Shape of You,Ed Sheeran,3/30/17,id
Shape of You,Ed Sheeran,3/30/17,br
Me Reh√∫so,Danny Ocean,3/30/17,py
Something Just Like This,The Chainsmokers,3/30/17,tw
Shape of You,Ed Sheeran,4/1/17,jp
Shape of You,Ed Sheeran,4/1/17,cz
Shape of You,Ed Sheeran,4/1/17,pl
Shape of You,Ed Sheeran,4/1/17,tr
Shape of You,Ed Sheeran,4/1/17,be
Shape of You,Ed Sheeran,4/1/17,hu
Shape of You,Ed Sheeran,4/1/17,fr
Shape of You,Ed Sheeran,4/1/17,ch
Shape of You,Ed Sheeran,4/1/17,my
Shape of You,Ed Sheeran,4/1/17,gr
Shape of You,Ed Sheeran,4/1/17,sk
Shape of You,Ed Sheeran,4/1/17,lu
Shape of You,Ed Sheeran,4/1/17,de
Shape of You,Ed Sheeran,4/1/17,at
Shape of You,Ed Sheeran,4/1/17,lt
Shape of You,Ed Sheeran,4/1/17,au
Shape of You,Ed Sheeran,4/1/17,ee
Shape of You,Ed Sheeran,4/1/17,lv
Shape of You,Ed Sheeran,4/1/17,hk
Shape of You,Ed Sheeran,4/1/17,nz
Shape of You,Ed Sheeran,4/1/17,ph
Shape of You,Ed Sheeran,4/1/17,dk
Shape of You,Ed Sheeran,4/1/17,ca
Shape of You,Ed Sheeran,4/1/17,br
Shape of You,Ed Sheeran,4/1/17,fi
Me Reh√∫so,Danny Ocean,4/1/17,py
Something Just Like This,The Chainsmokers,4/1/17,sg
Something Just Like This,The Chainsmokers,4/1/17,id
Something Just Like This,The Chainsmokers,4/1/17,tw
Shape of You,Ed Sheeran,4/10/17,jp
Shape of You,Ed Sheeran,4/10/17,cz
Shape of You,Ed Sheeran,4/10/17,pl
Shape of You,Ed Sheeran,4/10/17,tr
Shape of You,Ed Sheeran,4/10/17,be
Shape of You,Ed Sheeran,4/10/17,hu
Shape of You,Ed Sheeran,4/10/17,fr
Shape of You,Ed Sheeran,4/10/17,ch
Shape of You,Ed Sheeran,4/10/17,gr
Shape of You,Ed Sheeran,4/10/17,sk
Shape of You,Ed Sheeran,4/10/17,lu
Shape of You,Ed Sheeran,4/10/17,de
Shape of You,Ed Sheeran,4/10/17,at
Shape of You,Ed Sheeran,4/10/17,lt
Shape of You,Ed Sheeran,4/10/17,au
Shape of You,Ed Sheeran,4/10/17,ph
Shape of You,Ed Sheeran,4/10/17,br
Shape of You,Ed Sheeran,4/10/17,ec
Me Reh√∫so,Danny Ocean,4/10/17,cl
Me Reh√∫so,Danny Ocean,4/10/17,py
Something Just Like This,The Chainsmokers,4/10/17,my
Something Just Like This,The Chainsmokers,4/10/17,sg
Something Just Like This,The Chainsmokers,4/10/17,id
Something Just Like This,The Chainsmokers,4/10/17,lv
Something Just Like This,The Chainsmokers,4/10/17,hk
Something Just Like This,The Chainsmokers,4/10/17,tw
Shape of You,Ed Sheeran,4/20/17,jp
Shape of You,Ed Sheeran,4/20/17,cz
Shape of You,Ed Sheeran,4/20/17,pl
Shape of You,Ed Sheeran,4/20/17,tr
Shape of You,Ed Sheeran,4/20/17,be
Shape of You,Ed Sheeran,4/20/17,hu
Shape of You,Ed Sheeran,4/20/17,fr
Shape of You,Ed Sheeran,4/20/17,ch
Shape of You,Ed Sheeran,4/20/17,my
Shape of You,Ed Sheeran,4/20/17,gr
Shape of You,Ed Sheeran,4/20/17,sk
Shape of You,Ed Sheeran,4/20/17,lu
Shape of You,Ed Sheeran,4/20/17,de
Shape of You,Ed Sheeran,4/20/17,at
Shape of You,Ed Sheeran,4/20/17,ph
Despacito - Remix,Luis Fonsi,4/20/17,ec
Despacito - Remix,Luis Fonsi,4/20/17,ar
Despacito - Remix,Luis Fonsi,4/20/17,sv
Despacito - Remix,Luis Fonsi,4/20/17,cr
Despacito - Remix,Luis Fonsi,4/20/17,cl
Despacito - Remix,Luis Fonsi,4/20/17,br
Despacito - Remix,Luis Fonsi,4/20/17,hn
Despacito - Remix,Luis Fonsi,4/20/17,gt
Despacito - Remix,Luis Fonsi,4/20/17,pe
Despacito - Remix,Luis Fonsi,4/20/17,bo
Despacito - Remix,Luis Fonsi,4/20/17,mx
Despacito - Remix,Luis Fonsi,4/20/17,pa
Despacito - Remix,Luis Fonsi,4/20/17,uy
Despacito - Remix,Luis Fonsi,4/20/17,es
Despacito - Remix,Luis Fonsi,4/20/17,co
Despacito - Remix,Luis Fonsi,4/20/17,do
Despacito - Remix,Luis Fonsi,4/20/17,py
Despacito - Remix,Luis Fonsi,4/20/17,se
Something Just Like This,The Chainsmokers,4/20/17,sg
Something Just Like This,The Chainsmokers,4/20/17,id
Something Just Like This,The Chainsmokers,4/20/17,hk
Something Just Like This,The Chainsmokers,4/20/17,tw
Shape of You,Ed Sheeran,4/30/17,jp
Shape of You,Ed Sheeran,4/30/17,cz
Shape of You,Ed Sheeran,4/30/17,pl
Shape of You,Ed Sheeran,4/30/17,tr
Shape of You,Ed Sheeran,4/30/17,be
Shape of You,Ed Sheeran,4/30/17,my
Shape of You,Ed Sheeran,4/30/17,ph
Shape of You,Ed Sheeran,4/30/17,sg
Shape of You,Ed Sheeran,4/30/17,cr
Despacito - Remix,Luis Fonsi,4/30/17,ar
Despacito - Remix,Luis Fonsi,4/30/17,lt
Despacito - Remix,Luis Fonsi,4/30/17,ee
Despacito - Remix,Luis Fonsi,4/30/17,br
Despacito - Remix,Luis Fonsi,4/30/17,ch
Despacito - Remix,Luis Fonsi,4/30/17,pe
Despacito - Remix,Luis Fonsi,4/30/17,at
Despacito - Remix,Luis Fonsi,4/30/17,pt
Despacito - Remix,Luis Fonsi,4/30/17,pa
Despacito - Remix,Luis Fonsi,4/30/17,uy
Despacito - Remix,Luis Fonsi,4/30/17,es
Despacito - Remix,Luis Fonsi,4/30/17,nl
Despacito - Remix,Luis Fonsi,4/30/17,sk
Despacito - Remix,Luis Fonsi,4/30/17,lu
Despacito - Remix,Luis Fonsi,4/30/17,de
Despacito - Remix,Luis Fonsi,4/30/17,fi
Despacito - Remix,Luis Fonsi,4/30/17,gr
Despacito - Remix,Luis Fonsi,4/30/17,hu
Despacito - Remix,Luis Fonsi,4/30/17,is
Despacito - Remix,Luis Fonsi,4/30/17,dk
Despacito - Remix,Luis Fonsi,4/30/17,se
Despacito - Remix,Luis Fonsi,4/30/17,no
Felices los 4,Maluma,4/30/17,bo
Felices los 4,Maluma,4/30/17,mx
Felices los 4,Maluma,4/30/17,ec
Me Reh√∫so,Danny Ocean,4/30/17,sv
Me Reh√∫so,Danny Ocean,4/30/17,cl
Me Reh√∫so,Danny Ocean,4/30/17,hn
Me Reh√∫so,Danny Ocean,4/30/17,gt
Me Reh√∫so,Danny Ocean,4/30/17,co
Me Reh√∫so,Danny Ocean,4/30/17,py
Something Just Like This,The Chainsmokers,4/30/17,id
Something Just Like This,The Chainsmokers,4/30/17,hk
Something Just Like This,The Chainsmokers,4/30/17,tw
Shape of You,Ed Sheeran,5/1/17,jp
Shape of You,Ed Sheeran,5/1/17,cz
Shape of You,Ed Sheeran,5/1/17,pl
Shape of You,Ed Sheeran,5/1/17,tr
Shape of You,Ed Sheeran,5/1/17,be
Shape of You,Ed Sheeran,5/1/17,my
Shape of You,Ed Sheeran,5/1/17,ph
Shape of You,Ed Sheeran,5/1/17,cr
Despacito - Remix,Luis Fonsi,5/1/17,ar
Despacito - Remix,Luis Fonsi,5/1/17,lt
Despacito - Remix,Luis Fonsi,5/1/17,ee
Despacito - Remix,Luis Fonsi,5/1/17,br
Despacito - Remix,Luis Fonsi,5/1/17,ch
Despacito - Remix,Luis Fonsi,5/1/17,pe
Despacito - Remix,Luis Fonsi,5/1/17,at
Despacito - Remix,Luis Fonsi,5/1/17,pt
Despacito - Remix,Luis Fonsi,5/1/17,pa
Despacito - Remix,Luis Fonsi,5/1/17,uy
Despacito - Remix,Luis Fonsi,5/1/17,es
Despacito - Remix,Luis Fonsi,5/1/17,nl
Despacito - Remix,Luis Fonsi,5/1/17,sk
Despacito - Remix,Luis Fonsi,5/1/17,lu
Despacito - Remix,Luis Fonsi,5/1/17,de
Despacito - Remix,Luis Fonsi,5/1/17,fi
Despacito - Remix,Luis Fonsi,5/1/17,gr
Despacito - Remix,Luis Fonsi,5/1/17,hu
Despacito - Remix,Luis Fonsi,5/1/17,is
Despacito - Remix,Luis Fonsi,5/1/17,dk
Despacito - Remix,Luis Fonsi,5/1/17,ie
Despacito - Remix,Luis Fonsi,5/1/17,se
Despacito - Remix,Luis Fonsi,5/1/17,no
Despacito - Remix,Luis Fonsi,5/1/17,sg
Felices los 4,Maluma,5/1/17,bo
Felices los 4,Maluma,5/1/17,mx
Felices los 4,Maluma,5/1/17,ec
Felices los 4,Maluma,5/1/17,sv
Felices los 4,Maluma,5/1/17,gt
Felices los 4,Maluma,5/1/17,py
Me Reh√∫so,Danny Ocean,5/1/17,cl
Me Reh√∫so,Danny Ocean,5/1/17,hn
Me Reh√∫so,Danny Ocean,5/1/17,co
Something Just Like This,The Chainsmokers,5/1/17,id
Something Just Like This,The Chainsmokers,5/1/17,hk
Something Just Like This,The Chainsmokers,5/1/17,tw
Shape of You,Ed Sheeran,5/10/17,jp
Shape of You,Ed Sheeran,5/10/17,cz
Shape of You,Ed Sheeran,5/10/17,pl
Shape of You,Ed Sheeran,5/10/17,tr
Shape of You,Ed Sheeran,5/10/17,be
Shape of You,Ed Sheeran,5/10/17,hk
Shape of You,Ed Sheeran,5/10/17,ph
Shape of You,Ed Sheeran,5/10/17,it
Shape of You,Ed Sheeran,5/10/17,cr
Despacito - Remix,Luis Fonsi,5/10/17,lt
Despacito - Remix,Luis Fonsi,5/10/17,ee
Despacito - Remix,Luis Fonsi,5/10/17,br
Despacito - Remix,Luis Fonsi,5/10/17,ch
Despacito - Remix,Luis Fonsi,5/10/17,at
Despacito - Remix,Luis Fonsi,5/10/17,pt
Despacito - Remix,Luis Fonsi,5/10/17,sk
Despacito - Remix,Luis Fonsi,5/10/17,lu
Despacito - Remix,Luis Fonsi,5/10/17,de
Despacito - Remix,Luis Fonsi,5/10/17,fi
Despacito - Remix,Luis Fonsi,5/10/17,gr
Despacito - Remix,Luis Fonsi,5/10/17,hu
Despacito - Remix,Luis Fonsi,5/10/17,is
Despacito - Remix,Luis Fonsi,5/10/17,dk
Despacito - Remix,Luis Fonsi,5/10/17,ie
Despacito - Remix,Luis Fonsi,5/10/17,se
Despacito - Remix,Luis Fonsi,5/10/17,id
Despacito - Remix,Luis Fonsi,5/10/17,ca
Despacito - Remix,Luis Fonsi,5/10/17,no
Despacito - Remix,Luis Fonsi,5/10/17,my
Despacito - Remix,Luis Fonsi,5/10/17,sg
Felices los 4,Maluma,5/10/17,bo
Felices los 4,Maluma,5/10/17,mx
Felices los 4,Maluma,5/10/17,ar
Felices los 4,Maluma,5/10/17,uy
Felices los 4,Maluma,5/10/17,ec
Felices los 4,Maluma,5/10/17,sv
Felices los 4,Maluma,5/10/17,cl
Felices los 4,Maluma,5/10/17,hn
Felices los 4,Maluma,5/10/17,gt
Felices los 4,Maluma,5/10/17,pe
Felices los 4,Maluma,5/10/17,pa
Felices los 4,Maluma,5/10/17,es
Felices los 4,Maluma,5/10/17,co
Felices los 4,Maluma,5/10/17,py
Something Just Like This,The Chainsmokers,5/10/17,tw
Shape of You,Ed Sheeran,5/20/17,jp
Shape of You,Ed Sheeran,5/20/17,cz
Shape of You,Ed Sheeran,5/20/17,tr
Shape of You,Ed Sheeran,5/20/17,be
Despacito - Remix,Luis Fonsi,5/20/17,lt
Despacito - Remix,Luis Fonsi,5/20/17,ee
Despacito - Remix,Luis Fonsi,5/20/17,br
Despacito - Remix,Luis Fonsi,5/20/17,ch
Despacito - Remix,Luis Fonsi,5/20/17,pl
Despacito - Remix,Luis Fonsi,5/20/17,at
Despacito - Remix,Luis Fonsi,5/20/17,sk
Despacito - Remix,Luis Fonsi,5/20/17,lu
Despacito - Remix,Luis Fonsi,5/20/17,gb
Despacito - Remix,Luis Fonsi,5/20/17,lv
Despacito - Remix,Luis Fonsi,5/20/17,au
Despacito - Remix,Luis Fonsi,5/20/17,de
Despacito - Remix,Luis Fonsi,5/20/17,fi
Despacito - Remix,Luis Fonsi,5/20/17,gr
Despacito - Remix,Luis Fonsi,5/20/17,hu
Despacito - Remix,Luis Fonsi,5/20/17,is
Despacito - Remix,Luis Fonsi,5/20/17,dk
Despacito - Remix,Luis Fonsi,5/20/17,ie
Despacito - Remix,Luis Fonsi,5/20/17,se
Despacito - Remix,Luis Fonsi,5/20/17,id
Despacito - Remix,Luis Fonsi,5/20/17,hk
Despacito - Remix,Luis Fonsi,5/20/17,ca
Despacito - Remix,Luis Fonsi,5/20/17,no
Despacito - Remix,Luis Fonsi,5/20/17,my
Despacito - Remix,Luis Fonsi,5/20/17,sg
Felices los 4,Maluma,5/20/17,bo
Felices los 4,Maluma,5/20/17,mx
Felices los 4,Maluma,5/20/17,ar
Felices los 4,Maluma,5/20/17,uy
Felices los 4,Maluma,5/20/17,ec
Felices los 4,Maluma,5/20/17,sv
Felices los 4,Maluma,5/20/17,hn
Felices los 4,Maluma,5/20/17,gt
Felices los 4,Maluma,5/20/17,pe
Felices los 4,Maluma,5/20/17,pa
Felices los 4,Maluma,5/20/17,es
Felices los 4,Maluma,5/20/17,co
Felices los 4,Maluma,5/20/17,do
Felices los 4,Maluma,5/20/17,py
Me Reh√∫so,Danny Ocean,5/20/17,cr
Me Reh√∫so,Danny Ocean,5/20/17,cl
Something Just Like This,The Chainsmokers,5/20/17,tw
Shape of You,Ed Sheeran,5/29/17,jp
Shape of You,Ed Sheeran,5/29/17,tr
Shape of You,Ed Sheeran,5/29/17,br
Shape of You,Ed Sheeran,5/29/17,cr
Despacito - Remix,Luis Fonsi,5/29/17,at
Despacito - Remix,Luis Fonsi,5/29/17,lu
Despacito - Remix,Luis Fonsi,5/29/17,gb
Despacito - Remix,Luis Fonsi,5/29/17,nz
Despacito - Remix,Luis Fonsi,5/29/17,au
Despacito - Remix,Luis Fonsi,5/29/17,de
Despacito - Remix,Luis Fonsi,5/29/17,fi
Despacito - Remix,Luis Fonsi,5/29/17,gr
Despacito - Remix,Luis Fonsi,5/29/17,hu
Despacito - Remix,Luis Fonsi,5/29/17,is
Despacito - Remix,Luis Fonsi,5/29/17,dk
Despacito - Remix,Luis Fonsi,5/29/17,ie
Despacito - Remix,Luis Fonsi,5/29/17,se
Despacito - Remix,Luis Fonsi,5/29/17,id
Despacito - Remix,Luis Fonsi,5/29/17,hk
Despacito - Remix,Luis Fonsi,5/29/17,ca
Despacito - Remix,Luis Fonsi,5/29/17,no
Despacito - Remix,Luis Fonsi,5/29/17,my
Despacito - Remix,Luis Fonsi,5/29/17,sg
Felices los 4,Maluma,5/29/17,bo
Felices los 4,Maluma,5/29/17,mx
Felices los 4,Maluma,5/29/17,ar
Felices los 4,Maluma,5/29/17,uy
Felices los 4,Maluma,5/29/17,ec
Felices los 4,Maluma,5/29/17,sv
Felices los 4,Maluma,5/29/17,cl
Felices los 4,Maluma,5/29/17,hn
Felices los 4,Maluma,5/29/17,gt
Felices los 4,Maluma,5/29/17,pe
Felices los 4,Maluma,5/29/17,pa
Felices los 4,Maluma,5/29/17,es
Felices los 4,Maluma,5/29/17,co
Felices los 4,Maluma,5/29/17,do
Felices los 4,Maluma,5/29/17,py
Something Just Like This,The Chainsmokers,5/29/17,tw
Shape of You,Ed Sheeran,6/1/17,jp
Shape of You,Ed Sheeran,6/1/17,tr
Shape of You,Ed Sheeran,6/1/17,cr
Despacito - Remix,Luis Fonsi,6/1/17,lt
Despacito - Remix,Luis Fonsi,6/1/17,ee
Despacito - Remix,Luis Fonsi,6/1/17,ch
Despacito - Remix,Luis Fonsi,6/1/17,be
Despacito - Remix,Luis Fonsi,6/1/17,pl
Despacito - Remix,Luis Fonsi,6/1/17,at
Despacito - Remix,Luis Fonsi,6/1/17,cz
Despacito - Remix,Luis Fonsi,6/1/17,sk
Despacito - Remix,Luis Fonsi,6/1/17,lu
Despacito - Remix,Luis Fonsi,6/1/17,gb
Despacito - Remix,Luis Fonsi,6/1/17,lv
Despacito - Remix,Luis Fonsi,6/1/17,nz
Despacito - Remix,Luis Fonsi,6/1/17,au
Despacito - Remix,Luis Fonsi,6/1/17,de
Despacito - Remix,Luis Fonsi,6/1/17,gr
Despacito - Remix,Luis Fonsi,6/1/17,hu
Despacito - Remix,Luis Fonsi,6/1/17,is
Despacito - Remix,Luis Fonsi,6/1/17,dk
Despacito - Remix,Luis Fonsi,6/1/17,ie
Despacito - Remix,Luis Fonsi,6/1/17,se
Despacito - Remix,Luis Fonsi,6/1/17,id
Despacito - Remix,Luis Fonsi,6/1/17,hk
Despacito - Remix,Luis Fonsi,6/1/17,ca
Despacito - Remix,Luis Fonsi,6/1/17,no
Despacito - Remix,Luis Fonsi,6/1/17,my
Despacito - Remix,Luis Fonsi,6/1/17,sg
Felices los 4,Maluma,6/1/17,bo
Felices los 4,Maluma,6/1/17,mx
Felices los 4,Maluma,6/1/17,ar
Felices los 4,Maluma,6/1/17,uy
Felices los 4,Maluma,6/1/17,ec
Felices los 4,Maluma,6/1/17,sv
Felices los 4,Maluma,6/1/17,cl
Felices los 4,Maluma,6/1/17,hn
Felices los 4,Maluma,6/1/17,gt
Felices los 4,Maluma,6/1/17,pe
Felices los 4,Maluma,6/1/17,pa
Felices los 4,Maluma,6/1/17,es
Felices los 4,Maluma,6/1/17,co
Felices los 4,Maluma,6/1/17,do
Felices los 4,Maluma,6/1/17,py
Something Just Like This,The Chainsmokers,6/1/17,tw
Shape of You,Ed Sheeran,6/10/17,jp
Shape of You,Ed Sheeran,6/10/17,cr
Despacito - Remix,Luis Fonsi,6/10/17,lt
Despacito - Remix,Luis Fonsi,6/10/17,ee
Despacito - Remix,Luis Fonsi,6/10/17,tr
Despacito - Remix,Luis Fonsi,6/10/17,us
Despacito - Remix,Luis Fonsi,6/10/17,ch
Despacito - Remix,Luis Fonsi,6/10/17,be
Despacito - Remix,Luis Fonsi,6/10/17,at
Despacito - Remix,Luis Fonsi,6/10/17,lu
Despacito - Remix,Luis Fonsi,6/10/17,gb
Despacito - Remix,Luis Fonsi,6/10/17,lv
Despacito - Remix,Luis Fonsi,6/10/17,nz
Despacito - Remix,Luis Fonsi,6/10/17,au
Despacito - Remix,Luis Fonsi,6/10/17,de
Despacito - Remix,Luis Fonsi,6/10/17,fi
Despacito - Remix,Luis Fonsi,6/10/17,gr
Despacito - Remix,Luis Fonsi,6/10/17,hu
Despacito - Remix,Luis Fonsi,6/10/17,ph
Despacito - Remix,Luis Fonsi,6/10/17,is
Despacito - Remix,Luis Fonsi,6/10/17,dk
Despacito - Remix,Luis Fonsi,6/10/17,ie
Despacito - Remix,Luis Fonsi,6/10/17,se
Despacito - Remix,Luis Fonsi,6/10/17,id
Despacito - Remix,Luis Fonsi,6/10/17,hk
Despacito - Remix,Luis Fonsi,6/10/17,ca
Despacito - Remix,Luis Fonsi,6/10/17,no
Despacito - Remix,Luis Fonsi,6/10/17,my
Despacito - Remix,Luis Fonsi,6/10/17,sg
Felices los 4,Maluma,6/10/17,bo
Felices los 4,Maluma,6/10/17,mx
Felices los 4,Maluma,6/10/17,ar
Felices los 4,Maluma,6/10/17,uy
Felices los 4,Maluma,6/10/17,ec
Felices los 4,Maluma,6/10/17,sv
Felices los 4,Maluma,6/10/17,cl
Felices los 4,Maluma,6/10/17,hn
Felices los 4,Maluma,6/10/17,gt
Felices los 4,Maluma,6/10/17,pe
Felices los 4,Maluma,6/10/17,pa
Felices los 4,Maluma,6/10/17,es
Felices los 4,Maluma,6/10/17,do
Felices los 4,Maluma,6/10/17,py
Me Reh√∫so,Danny Ocean,6/10/17,co
Something Just Like This,The Chainsmokers,6/10/17,tw
Shape of You,Ed Sheeran,6/20/17,jp
Despacito - Remix,Luis Fonsi,6/20/17,ee
Despacito - Remix,Luis Fonsi,6/20/17,tr
Despacito - Remix,Luis Fonsi,6/20/17,us
Despacito - Remix,Luis Fonsi,6/20/17,be
Despacito - Remix,Luis Fonsi,6/20/17,cz
Despacito - Remix,Luis Fonsi,6/20/17,lu
Despacito - Remix,Luis Fonsi,6/20/17,gb
Despacito - Remix,Luis Fonsi,6/20/17,nz
Despacito - Remix,Luis Fonsi,6/20/17,au
Despacito - Remix,Luis Fonsi,6/20/17,de
Despacito - Remix,Luis Fonsi,6/20/17,fi
Despacito - Remix,Luis Fonsi,6/20/17,gr
Despacito - Remix,Luis Fonsi,6/20/17,hu
Despacito - Remix,Luis Fonsi,6/20/17,ph
Despacito - Remix,Luis Fonsi,6/20/17,is
Despacito - Remix,Luis Fonsi,6/20/17,ie
Despacito - Remix,Luis Fonsi,6/20/17,se
Despacito - Remix,Luis Fonsi,6/20/17,id
Despacito - Remix,Luis Fonsi,6/20/17,hk
Despacito - Remix,Luis Fonsi,6/20/17,ca
Despacito - Remix,Luis Fonsi,6/20/17,no
Despacito - Remix,Luis Fonsi,6/20/17,my
Despacito - Remix,Luis Fonsi,6/20/17,sg
Felices los 4,Maluma,6/20/17,bo
Felices los 4,Maluma,6/20/17,mx
Felices los 4,Maluma,6/20/17,ar
Felices los 4,Maluma,6/20/17,uy
Felices los 4,Maluma,6/20/17,ec
Felices los 4,Maluma,6/20/17,sv
Felices los 4,Maluma,6/20/17,pe
Felices los 4,Maluma,6/20/17,pa
Felices los 4,Maluma,6/20/17,es
Felices los 4,Maluma,6/20/17,do
Felices los 4,Maluma,6/20/17,py
Me Reh√∫so,Danny Ocean,6/20/17,cr
Me Reh√∫so,Danny Ocean,6/20/17,cl
Me Reh√∫so,Danny Ocean,6/20/17,hn
Me Reh√∫so,Danny Ocean,6/20/17,gt
Me Reh√∫so,Danny Ocean,6/20/17,co
Shape of You,Ed Sheeran,6/30/17,jp
Despacito - Remix,Luis Fonsi,6/30/17,ee
Despacito - Remix,Luis Fonsi,6/30/17,tr
Despacito - Remix,Luis Fonsi,6/30/17,us
Despacito - Remix,Luis Fonsi,6/30/17,be
Despacito - Remix,Luis Fonsi,6/30/17,lu
Despacito - Remix,Luis Fonsi,6/30/17,nz
Despacito - Remix,Luis Fonsi,6/30/17,au
Despacito - Remix,Luis Fonsi,6/30/17,de
Despacito - Remix,Luis Fonsi,6/30/17,fi
Despacito - Remix,Luis Fonsi,6/30/17,gr
Despacito - Remix,Luis Fonsi,6/30/17,hu
Despacito - Remix,Luis Fonsi,6/30/17,ph
Despacito - Remix,Luis Fonsi,6/30/17,is
Despacito - Remix,Luis Fonsi,6/30/17,dk
Despacito - Remix,Luis Fonsi,6/30/17,ie
Despacito - Remix,Luis Fonsi,6/30/17,id
Despacito - Remix,Luis Fonsi,6/30/17,hk
Despacito - Remix,Luis Fonsi,6/30/17,ca
Despacito - Remix,Luis Fonsi,6/30/17,no
Despacito - Remix,Luis Fonsi,6/30/17,my
Despacito - Remix,Luis Fonsi,6/30/17,sg
Mi Gente,J Balvin,6/30/17,co
Felices los 4,Maluma,6/30/17,bo
Felices los 4,Maluma,6/30/17,mx
Felices los 4,Maluma,6/30/17,ar
Felices los 4,Maluma,6/30/17,uy
Felices los 4,Maluma,6/30/17,ec
Felices los 4,Maluma,6/30/17,pe
Felices los 4,Maluma,6/30/17,pa
Felices los 4,Maluma,6/30/17,es
Felices los 4,Maluma,6/30/17,do
Me Reh√∫so,Danny Ocean,6/30/17,sv
Me Reh√∫so,Danny Ocean,6/30/17,cr
Me Reh√∫so,Danny Ocean,6/30/17,cl
Me Reh√∫so,Danny Ocean,6/30/17,hn
Me Reh√∫so,Danny Ocean,6/30/17,gt
Shape of You,Ed Sheeran,7/1/17,jp
Despacito - Remix,Luis Fonsi,7/1/17,tr
Despacito - Remix,Luis Fonsi,7/1/17,us
Despacito - Remix,Luis Fonsi,7/1/17,be
Despacito - Remix,Luis Fonsi,7/1/17,lu
Despacito - Remix,Luis Fonsi,7/1/17,gb
Despacito - Remix,Luis Fonsi,7/1/17,nz
Despacito - Remix,Luis Fonsi,7/1/17,au
Despacito - Remix,Luis Fonsi,7/1/17,de
Despacito - Remix,Luis Fonsi,7/1/17,fi
Despacito - Remix,Luis Fonsi,7/1/17,gr
Despacito - Remix,Luis Fonsi,7/1/17,hu
Despacito - Remix,Luis Fonsi,7/1/17,ph
Despacito - Remix,Luis Fonsi,7/1/17,is
Despacito - Remix,Luis Fonsi,7/1/17,dk
Despacito - Remix,Luis Fonsi,7/1/17,ie
Despacito - Remix,Luis Fonsi,7/1/17,id
Despacito - Remix,Luis Fonsi,7/1/17,hk
Despacito - Remix,Luis Fonsi,7/1/17,ca
Despacito - Remix,Luis Fonsi,7/1/17,no
Despacito - Remix,Luis Fonsi,7/1/17,my
Despacito - Remix,Luis Fonsi,7/1/17,sg
Mi Gente,J Balvin,7/1/17,co
Mi Gente,J Balvin,7/1/17,pa
Felices los 4,Maluma,7/1/17,bo
Felices los 4,Maluma,7/1/17,mx
Felices los 4,Maluma,7/1/17,ar
Felices los 4,Maluma,7/1/17,uy
Felices los 4,Maluma,7/1/17,ec
Felices los 4,Maluma,7/1/17,sv
Felices los 4,Maluma,7/1/17,gt
Felices los 4,Maluma,7/1/17,pe
Felices los 4,Maluma,7/1/17,es
Felices los 4,Maluma,7/1/17,do
Me Reh√∫so,Danny Ocean,7/1/17,cr
Me Reh√∫so,Danny Ocean,7/1/17,cl
Me Reh√∫so,Danny Ocean,7/1/17,hn
Shape of You,Ed Sheeran,7/10/17,jp
Despacito - Remix,Luis Fonsi,7/10/17,tr
Despacito - Remix,Luis Fonsi,7/10/17,us
Despacito - Remix,Luis Fonsi,7/10/17,be
Despacito - Remix,Luis Fonsi,7/10/17,nz
Despacito - Remix,Luis Fonsi,7/10/17,au
Despacito - Remix,Luis Fonsi,7/10/17,fi
Despacito - Remix,Luis Fonsi,7/10/17,gr
Despacito - Remix,Luis Fonsi,7/10/17,hu
Despacito - Remix,Luis Fonsi,7/10/17,ph
Despacito - Remix,Luis Fonsi,7/10/17,is
Despacito - Remix,Luis Fonsi,7/10/17,dk
Despacito - Remix,Luis Fonsi,7/10/17,ie
Despacito - Remix,Luis Fonsi,7/10/17,se
Despacito - Remix,Luis Fonsi,7/10/17,id
Despacito - Remix,Luis Fonsi,7/10/17,hk
Despacito - Remix,Luis Fonsi,7/10/17,ca
Despacito - Remix,Luis Fonsi,7/10/17,no
Despacito - Remix,Luis Fonsi,7/10/17,my
Despacito - Remix,Luis Fonsi,7/10/17,sg
Mi Gente,J Balvin,7/10/17,ec
Mi Gente,J Balvin,7/10/17,es
Mi Gente,J Balvin,7/10/17,co
Mi Gente,J Balvin,7/10/17,do
Mi Gente,J Balvin,7/10/17,pa
Mi Gente,J Balvin,7/10/17,hn
Mi Gente,J Balvin,7/10/17,gt
Mi Gente,J Balvin,7/10/17,sv
Mi Gente,J Balvin,7/10/17,cl
Felices los 4,Maluma,7/10/17,bo
Felices los 4,Maluma,7/10/17,uy
Me Reh√∫so,Danny Ocean,7/10/17,ar
Me Reh√∫so,Danny Ocean,7/10/17,cr
Me Reh√∫so,Danny Ocean,7/10/17,pe
Shape of You,Ed Sheeran,7/20/17,jp
Despacito - Remix,Luis Fonsi,7/20/17,tr
Despacito - Remix,Luis Fonsi,7/20/17,us
Despacito - Remix,Luis Fonsi,7/20/17,be
Despacito - Remix,Luis Fonsi,7/20/17,gb
Despacito - Remix,Luis Fonsi,7/20/17,nz
Despacito - Remix,Luis Fonsi,7/20/17,au
Despacito - Remix,Luis Fonsi,7/20/17,fi
Despacito - Remix,Luis Fonsi,7/20/17,hu
Despacito - Remix,Luis Fonsi,7/20/17,ph
Despacito - Remix,Luis Fonsi,7/20/17,is
Despacito - Remix,Luis Fonsi,7/20/17,dk
Despacito - Remix,Luis Fonsi,7/20/17,ie
Despacito - Remix,Luis Fonsi,7/20/17,se
Despacito - Remix,Luis Fonsi,7/20/17,id
Despacito - Remix,Luis Fonsi,7/20/17,hk
Despacito - Remix,Luis Fonsi,7/20/17,ca
Despacito - Remix,Luis Fonsi,7/20/17,no
Despacito - Remix,Luis Fonsi,7/20/17,my
Despacito - Remix,Luis Fonsi,7/20/17,sg
Mi Gente,J Balvin,7/20/17,ec
Mi Gente,J Balvin,7/20/17,ar
Mi Gente,J Balvin,7/20/17,cr
Mi Gente,J Balvin,7/20/17,es
Mi Gente,J Balvin,7/20/17,co
Mi Gente,J Balvin,7/20/17,do
Mi Gente,J Balvin,7/20/17,mx
Mi Gente,J Balvin,7/20/17,ch
Mi Gente,J Balvin,7/20/17,uy
Mi Gente,J Balvin,7/20/17,pa
Mi Gente,J Balvin,7/20/17,bo
Mi Gente,J Balvin,7/20/17,hn
Mi Gente,J Balvin,7/20/17,gt
Mi Gente,J Balvin,7/20/17,sv
Mi Gente,J Balvin,7/20/17,cl
Me Reh√∫so,Danny Ocean,7/20/17,pe
Shape of You,Ed Sheeran,7/30/17,jp
Despacito - Remix,Luis Fonsi,7/30/17,tw
Despacito - Remix,Luis Fonsi,7/30/17,gb
Despacito - Remix,Luis Fonsi,7/30/17,nz
Despacito - Remix,Luis Fonsi,7/30/17,au
Despacito - Remix,Luis Fonsi,7/30/17,ph
Despacito - Remix,Luis Fonsi,7/30/17,dk
Despacito - Remix,Luis Fonsi,7/30/17,ie
Despacito - Remix,Luis Fonsi,7/30/17,se
Despacito - Remix,Luis Fonsi,7/30/17,id
Despacito - Remix,Luis Fonsi,7/30/17,hk
Despacito - Remix,Luis Fonsi,7/30/17,ca
Despacito - Remix,Luis Fonsi,7/30/17,no
Despacito - Remix,Luis Fonsi,7/30/17,my
Despacito - Remix,Luis Fonsi,7/30/17,sg
Mi Gente,J Balvin,7/30/17,ec
Mi Gente,J Balvin,7/30/17,ar
Mi Gente,J Balvin,7/30/17,cr
Mi Gente,J Balvin,7/30/17,es
Mi Gente,J Balvin,7/30/17,co
Mi Gente,J Balvin,7/30/17,do
Mi Gente,J Balvin,7/30/17,lu
Mi Gente,J Balvin,7/30/17,mx
Mi Gente,J Balvin,7/30/17,ch
Mi Gente,J Balvin,7/30/17,uy
Mi Gente,J Balvin,7/30/17,pa
Mi Gente,J Balvin,7/30/17,bo
Mi Gente,J Balvin,7/30/17,hn
Mi Gente,J Balvin,7/30/17,gt
Mi Gente,J Balvin,7/30/17,sv
Mi Gente,J Balvin,7/30/17,cl
Me Reh√∫so,Danny Ocean,7/30/17,pe
Shape of You,Ed Sheeran,8/1/17,jp
Despacito - Remix,Luis Fonsi,8/1/17,ph
Despacito - Remix,Luis Fonsi,8/1/17,se
Despacito - Remix,Luis Fonsi,8/1/17,id
Despacito - Remix,Luis Fonsi,8/1/17,hk
Despacito - Remix,Luis Fonsi,8/1/17,ca
Despacito - Remix,Luis Fonsi,8/1/17,no
Despacito - Remix,Luis Fonsi,8/1/17,my
Despacito - Remix,Luis Fonsi,8/1/17,sg
Mi Gente,J Balvin,8/1/17,ec
Mi Gente,J Balvin,8/1/17,ar
Mi Gente,J Balvin,8/1/17,cr
Mi Gente,J Balvin,8/1/17,es
Mi Gente,J Balvin,8/1/17,nl
Mi Gente,J Balvin,8/1/17,do
Mi Gente,J Balvin,8/1/17,lu
Mi Gente,J Balvin,8/1/17,gr
Mi Gente,J Balvin,8/1/17,mx
Mi Gente,J Balvin,8/1/17,ch
Mi Gente,J Balvin,8/1/17,uy
Mi Gente,J Balvin,8/1/17,pa
Mi Gente,J Balvin,8/1/17,bo
Mi Gente,J Balvin,8/1/17,hn
Mi Gente,J Balvin,8/1/17,gt
Mi Gente,J Balvin,8/1/17,sv
Mi Gente,J Balvin,8/1/17,cl
Me Reh√∫so,Danny Ocean,8/1/17,pe
Shape of You,Ed Sheeran,8/10/17,jp
Despacito - Remix,Luis Fonsi,8/10/17,tw
Despacito - Remix,Luis Fonsi,8/10/17,ph
Despacito - Remix,Luis Fonsi,8/10/17,hk
Despacito - Remix,Luis Fonsi,8/10/17,ca
Despacito - Remix,Luis Fonsi,8/10/17,my
Despacito - Remix,Luis Fonsi,8/10/17,sg
Mi Gente,J Balvin,8/10/17,ec
Mi Gente,J Balvin,8/10/17,ar
Mi Gente,J Balvin,8/10/17,lt
Mi Gente,J Balvin,8/10/17,cr
Mi Gente,J Balvin,8/10/17,be
Mi Gente,J Balvin,8/10/17,pt
Mi Gente,J Balvin,8/10/17,es
Mi Gente,J Balvin,8/10/17,nl
Mi Gente,J Balvin,8/10/17,sk
Mi Gente,J Balvin,8/10/17,gr
Mi Gente,J Balvin,8/10/17,mx
Mi Gente,J Balvin,8/10/17,ch
Mi Gente,J Balvin,8/10/17,uy
Mi Gente,J Balvin,8/10/17,pa
Mi Gente,J Balvin,8/10/17,bo
Mi Gente,J Balvin,8/10/17,hn
Mi Gente,J Balvin,8/10/17,gt
Mi Gente,J Balvin,8/10/17,sv
Mi Gente,J Balvin,8/10/17,cl
Me Reh√∫so,Danny Ocean,8/10/17,pe
Shape of You,Ed Sheeran,8/20/17,jp
Despacito - Remix,Luis Fonsi,8/20/17,tw
Despacito - Remix,Luis Fonsi,8/20/17,ph
Despacito - Remix,Luis Fonsi,8/20/17,hk
Despacito - Remix,Luis Fonsi,8/20/17,my
Despacito - Remix,Luis Fonsi,8/20/17,sg
Mi Gente,J Balvin,8/20/17,ec
Mi Gente,J Balvin,8/20/17,ar
Mi Gente,J Balvin,8/20/17,cr
Mi Gente,J Balvin,8/20/17,pt
Mi Gente,J Balvin,8/20/17,es
Mi Gente,J Balvin,8/20/17,nl
Mi Gente,J Balvin,8/20/17,mx
Mi Gente,J Balvin,8/20/17,ch
Mi Gente,J Balvin,8/20/17,uy
Mi Gente,J Balvin,8/20/17,pa
Mi Gente,J Balvin,8/20/17,bo
Mi Gente,J Balvin,8/20/17,hn
Mi Gente,J Balvin,8/20/17,gt
Mi Gente,J Balvin,8/20/17,sv
Mi Gente,J Balvin,8/20/17,cl
Me Reh√∫so,Danny Ocean,8/20/17,pe
Mi Gente,J Balvin,8/30/17,ar
Mi Gente,J Balvin,8/30/17,cr
Mi Gente,J Balvin,8/30/17,pt
Mi Gente,J Balvin,8/30/17,es
Mi Gente,J Balvin,8/30/17,nl
Mi Gente,J Balvin,8/30/17,mx
Mi Gente,J Balvin,8/30/17,ch
Mi Gente,J Balvin,8/30/17,uy
Mi Gente,J Balvin,8/30/17,pa
Mi Gente,J Balvin,8/30/17,bo
Mi Gente,J Balvin,8/30/17,hn
Mi Gente,J Balvin,8/30/17,gt
Mi Gente,J Balvin,8/30/17,sv
Mi Gente,J Balvin,8/30/17,cl
Look What You Made Me Do,Taylor Swift,8/30/17,lt
Look What You Made Me Do,Taylor Swift,8/30/17,ph
Look What You Made Me Do,Taylor Swift,8/30/17,tw
Look What You Made Me Do,Taylor Swift,8/30/17,nz
Look What You Made Me Do,Taylor Swift,8/30/17,us
Look What You Made Me Do,Taylor Swift,8/30/17,jp
Look What You Made Me Do,Taylor Swift,8/30/17,br
Look What You Made Me Do,Taylor Swift,8/30/17,hu
Look What You Made Me Do,Taylor Swift,8/30/17,ca
Look What You Made Me Do,Taylor Swift,8/30/17,be
Look What You Made Me Do,Taylor Swift,8/30/17,my
Look What You Made Me Do,Taylor Swift,8/30/17,pl
Look What You Made Me Do,Taylor Swift,8/30/17,cz
Look What You Made Me Do,Taylor Swift,8/30/17,sk
Look What You Made Me Do,Taylor Swift,8/30/17,sg
Look What You Made Me Do,Taylor Swift,8/30/17,gb
Look What You Made Me Do,Taylor Swift,8/30/17,au
Look What You Made Me Do,Taylor Swift,8/30/17,lv
Look What You Made Me Do,Taylor Swift,8/30/17,gr
Look What You Made Me Do,Taylor Swift,8/30/17,hk
Mi Gente,J Balvin,9/1/17,ar
Mi Gente,J Balvin,9/1/17,it
Mi Gente,J Balvin,9/1/17,cr
Mi Gente,J Balvin,9/1/17,pt
Mi Gente,J Balvin,9/1/17,es
Mi Gente,J Balvin,9/1/17,nl
Mi Gente,J Balvin,9/1/17,py
Mi Gente,J Balvin,9/1/17,mx
Mi Gente,J Balvin,9/1/17,ch
Mi Gente,J Balvin,9/1/17,uy
Mi Gente,J Balvin,9/1/17,pa
Mi Gente,J Balvin,9/1/17,bo
Mi Gente,J Balvin,9/1/17,hn
Mi Gente,J Balvin,9/1/17,gt
Mi Gente,J Balvin,9/1/17,sv
Mi Gente,J Balvin,9/1/17,cl
Look What You Made Me Do,Taylor Swift,9/1/17,lt
Look What You Made Me Do,Taylor Swift,9/1/17,ph
Look What You Made Me Do,Taylor Swift,9/1/17,tw
Look What You Made Me Do,Taylor Swift,9/1/17,nz
Look What You Made Me Do,Taylor Swift,9/1/17,us
Look What You Made Me Do,Taylor Swift,9/1/17,br
Look What You Made Me Do,Taylor Swift,9/1/17,hu
Look What You Made Me Do,Taylor Swift,9/1/17,ca
Look What You Made Me Do,Taylor Swift,9/1/17,my
Look What You Made Me Do,Taylor Swift,9/1/17,pl
Look What You Made Me Do,Taylor Swift,9/1/17,cz
Look What You Made Me Do,Taylor Swift,9/1/17,sk
Look What You Made Me Do,Taylor Swift,9/1/17,sg
Look What You Made Me Do,Taylor Swift,9/1/17,au
Look What You Made Me Do,Taylor Swift,9/1/17,lv
Look What You Made Me Do,Taylor Swift,9/1/17,gr
Look What You Made Me Do,Taylor Swift,9/1/17,hk
Me Reh√∫so,Danny Ocean,9/1/17,pe
Shape of You,Ed Sheeran,9/10/17,jp
Mi Gente,J Balvin,9/10/17,ar
Mi Gente,J Balvin,9/10/17,it
Mi Gente,J Balvin,9/10/17,pt
Mi Gente,J Balvin,9/10/17,py
Mi Gente,J Balvin,9/10/17,ch
Mi Gente,J Balvin,9/10/17,uy
Mi Gente,J Balvin,9/10/17,pa
Mi Gente,J Balvin,9/10/17,bo
Mi Gente,J Balvin,9/10/17,hn
Mi Gente,J Balvin,9/10/17,gt
Mi Gente,J Balvin,9/10/17,sv
Mi Gente,J Balvin,9/10/17,cl
Look What You Made Me Do,Taylor Swift,9/10/17,tw
Look What You Made Me Do,Taylor Swift,9/10/17,my
Look What You Made Me Do,Taylor Swift,9/10/17,sg
Look What You Made Me Do,Taylor Swift,9/10/17,au
Look What You Made Me Do,Taylor Swift,9/10/17,hk
Shape of You,Ed Sheeran,9/20/17,jp
rockstar,Post Malone,9/20/17,fi
rockstar,Post Malone,9/20/17,no
rockstar,Post Malone,9/20/17,lt
rockstar,Post Malone,9/20/17,nz
rockstar,Post Malone,9/20/17,ee
rockstar,Post Malone,9/20/17,us
rockstar,Post Malone,9/20/17,ch
rockstar,Post Malone,9/20/17,hu
rockstar,Post Malone,9/20/17,ca
rockstar,Post Malone,9/20/17,dk
rockstar,Post Malone,9/20/17,se
rockstar,Post Malone,9/20/17,sk
rockstar,Post Malone,9/20/17,gb
rockstar,Post Malone,9/20/17,au
rockstar,Post Malone,9/20/17,lv
rockstar,Post Malone,9/20/17,gr
Mi Gente,J Balvin,9/20/17,it
Mi Gente,J Balvin,9/20/17,pt
Mi Gente,J Balvin,9/20/17,mx
Mi Gente,J Balvin,9/20/17,bo
Mi Gente,J Balvin,9/20/17,gt
Mi Gente,J Balvin,9/20/17,cl
Look What You Made Me Do,Taylor Swift,9/20/17,tw
Look What You Made Me Do,Taylor Swift,9/20/17,hk
Shape of You,Ed Sheeran,9/30/17,jp
rockstar,Post Malone,9/30/17,fi
rockstar,Post Malone,9/30/17,no
rockstar,Post Malone,9/30/17,lt
rockstar,Post Malone,9/30/17,nz
rockstar,Post Malone,9/30/17,us
rockstar,Post Malone,9/30/17,de
rockstar,Post Malone,9/30/17,ch
rockstar,Post Malone,9/30/17,hu
rockstar,Post Malone,9/30/17,ca
rockstar,Post Malone,9/30/17,dk
rockstar,Post Malone,9/30/17,at
rockstar,Post Malone,9/30/17,pt
rockstar,Post Malone,9/30/17,se
rockstar,Post Malone,9/30/17,cz
rockstar,Post Malone,9/30/17,sk
rockstar,Post Malone,9/30/17,gb
rockstar,Post Malone,9/30/17,au
rockstar,Post Malone,9/30/17,lv
rockstar,Post Malone,9/30/17,gr
Criminal,Natti Natasha,9/30/17,ar
Criminal,Natti Natasha,9/30/17,uy
Look What You Made Me Do,Taylor Swift,9/30/17,tw
Look What You Made Me Do,Taylor Swift,9/30/17,hk
Me Reh√∫so,Danny Ocean,9/30/17,bo
Shape of You,Ed Sheeran,10/1/17,jp
rockstar,Post Malone,10/1/17,fi
rockstar,Post Malone,10/1/17,no
rockstar,Post Malone,10/1/17,nz
rockstar,Post Malone,10/1/17,us
rockstar,Post Malone,10/1/17,de
rockstar,Post Malone,10/1/17,ch
rockstar,Post Malone,10/1/17,hu
rockstar,Post Malone,10/1/17,ca
rockstar,Post Malone,10/1/17,dk
rockstar,Post Malone,10/1/17,at
rockstar,Post Malone,10/1/17,pt
rockstar,Post Malone,10/1/17,se
rockstar,Post Malone,10/1/17,cz
rockstar,Post Malone,10/1/17,sk
rockstar,Post Malone,10/1/17,gb
rockstar,Post Malone,10/1/17,au
rockstar,Post Malone,10/1/17,lv
rockstar,Post Malone,10/1/17,gr
Criminal,Natti Natasha,10/1/17,ar
Criminal,Natti Natasha,10/1/17,uy
Look What You Made Me Do,Taylor Swift,10/1/17,tw
Look What You Made Me Do,Taylor Swift,10/1/17,hk
Me Reh√∫so,Danny Ocean,10/1/17,gt
Me Reh√∫so,Danny Ocean,10/1/17,bo
Shape of You,Ed Sheeran,10/10/17,jp
rockstar,Post Malone,10/10/17,fi
rockstar,Post Malone,10/10/17,no
rockstar,Post Malone,10/10/17,lt
rockstar,Post Malone,10/10/17,nz
rockstar,Post Malone,10/10/17,us
rockstar,Post Malone,10/10/17,ch
rockstar,Post Malone,10/10/17,hu
rockstar,Post Malone,10/10/17,ca
rockstar,Post Malone,10/10/17,dk
rockstar,Post Malone,10/10/17,at
rockstar,Post Malone,10/10/17,pt
rockstar,Post Malone,10/10/17,se
rockstar,Post Malone,10/10/17,cz
rockstar,Post Malone,10/10/17,ie
rockstar,Post Malone,10/10/17,sk
rockstar,Post Malone,10/10/17,gb
rockstar,Post Malone,10/10/17,au
rockstar,Post Malone,10/10/17,lv
rockstar,Post Malone,10/10/17,gr
Criminal,Natti Natasha,10/10/17,ar
Criminal,Natti Natasha,10/10/17,uy
Shape of You,Ed Sheeran,10/20/17,jp
rockstar,Post Malone,10/20/17,pt
rockstar,Post Malone,10/20/17,us
rockstar,Post Malone,10/20/17,ca
rockstar,Post Malone,10/20/17,gr
rockstar,Post Malone,10/20/17,ch
rockstar,Post Malone,10/20/17,lv
rockstar,Post Malone,10/20/17,au
rockstar,Post Malone,10/20/17,fi
rockstar,Post Malone,10/20/17,no
rockstar,Post Malone,10/20/17,lt
rockstar,Post Malone,10/20/17,nz
rockstar,Post Malone,10/20/17,ee
rockstar,Post Malone,10/20/17,hu
rockstar,Post Malone,10/20/17,be
rockstar,Post Malone,10/20/17,dk
rockstar,Post Malone,10/20/17,pl
rockstar,Post Malone,10/20/17,at
rockstar,Post Malone,10/20/17,se
rockstar,Post Malone,10/20/17,cz
rockstar,Post Malone,10/20/17,ie
rockstar,Post Malone,10/20/17,sk
rockstar,Post Malone,10/20/17,gb
Criminal,Natti Natasha,10/20/17,ar
Criminal,Natti Natasha,10/20/17,sv
Criminal,Natti Natasha,10/20/17,hn
Criminal,Natti Natasha,10/20/17,uy
Criminal,Natti Natasha,10/20/17,es
Shape of You,Ed Sheeran,10/30/17,jp
rockstar,Post Malone,10/30/17,pt
rockstar,Post Malone,10/30/17,us
rockstar,Post Malone,10/30/17,ca
rockstar,Post Malone,10/30/17,gr
rockstar,Post Malone,10/30/17,ch
rockstar,Post Malone,10/30/17,lv
rockstar,Post Malone,10/30/17,au
rockstar,Post Malone,10/30/17,fi
rockstar,Post Malone,10/30/17,no
rockstar,Post Malone,10/30/17,lt
rockstar,Post Malone,10/30/17,nz
rockstar,Post Malone,10/30/17,be
rockstar,Post Malone,10/30/17,dk
rockstar,Post Malone,10/30/17,se
rockstar,Post Malone,10/30/17,ie
rockstar,Post Malone,10/30/17,sk
rockstar,Post Malone,10/30/17,gb
Criminal,Natti Natasha,10/30/17,ec
Criminal,Natti Natasha,10/30/17,ar
Criminal,Natti Natasha,10/30/17,sv
Criminal,Natti Natasha,10/30/17,cl
Criminal,Natti Natasha,10/30/17,hn
Criminal,Natti Natasha,10/30/17,gt
Criminal,Natti Natasha,10/30/17,pa
Criminal,Natti Natasha,10/30/17,uy
Criminal,Natti Natasha,10/30/17,es
Criminal,Natti Natasha,10/30/17,py
Shape of You,Ed Sheeran,11/1/17,jp
rockstar,Post Malone,11/1/17,pt
rockstar,Post Malone,11/1/17,us
rockstar,Post Malone,11/1/17,ca
rockstar,Post Malone,11/1/17,gr
rockstar,Post Malone,11/1/17,ch
rockstar,Post Malone,11/1/17,lv
rockstar,Post Malone,11/1/17,au
rockstar,Post Malone,11/1/17,fi
rockstar,Post Malone,11/1/17,no
rockstar,Post Malone,11/1/17,nz
rockstar,Post Malone,11/1/17,dk
rockstar,Post Malone,11/1/17,se
rockstar,Post Malone,11/1/17,gb
Criminal,Natti Natasha,11/1/17,ec
Criminal,Natti Natasha,11/1/17,ar
Criminal,Natti Natasha,11/1/17,sv
Criminal,Natti Natasha,11/1/17,cl
Criminal,Natti Natasha,11/1/17,hn
Criminal,Natti Natasha,11/1/17,gt
Criminal,Natti Natasha,11/1/17,pe
Criminal,Natti Natasha,11/1/17,uy
Criminal,Natti Natasha,11/1/17,es
Criminal,Natti Natasha,11/1/17,py
Shape of You,Ed Sheeran,11/10/17,jp
rockstar,Post Malone,11/10/17,pt
rockstar,Post Malone,11/10/17,us
rockstar,Post Malone,11/10/17,ca
rockstar,Post Malone,11/10/17,gr
rockstar,Post Malone,11/10/17,ch
rockstar,Post Malone,11/10/17,lv
rockstar,Post Malone,11/10/17,au
rockstar,Post Malone,11/10/17,fi
rockstar,Post Malone,11/10/17,lt
rockstar,Post Malone,11/10/17,nz
rockstar,Post Malone,11/10/17,be
rockstar,Post Malone,11/10/17,dk
rockstar,Post Malone,11/10/17,ie
rockstar,Post Malone,11/10/17,gb
Criminal,Natti Natasha,11/10/17,ec
Criminal,Natti Natasha,11/10/17,ar
Criminal,Natti Natasha,11/10/17,sv
Criminal,Natti Natasha,11/10/17,cl
Criminal,Natti Natasha,11/10/17,hn
Criminal,Natti Natasha,11/10/17,gt
Criminal,Natti Natasha,11/10/17,pe
Criminal,Natti Natasha,11/10/17,mx
Criminal,Natti Natasha,11/10/17,uy
Criminal,Natti Natasha,11/10/17,py
Shape of You,Ed Sheeran,11/20/17,jp
rockstar,Post Malone,11/20/17,pt
rockstar,Post Malone,11/20/17,us
rockstar,Post Malone,11/20/17,ca
rockstar,Post Malone,11/20/17,gr
rockstar,Post Malone,11/20/17,ch
rockstar,Post Malone,11/20/17,lv
rockstar,Post Malone,11/20/17,au
rockstar,Post Malone,11/20/17,be
rockstar,Post Malone,11/20/17,dk
rockstar,Post Malone,11/20/17,pl
rockstar,Post Malone,11/20/17,ie
rockstar,Post Malone,11/20/17,gb
Criminal,Natti Natasha,11/20/17,ar
Criminal,Natti Natasha,11/20/17,sv
Criminal,Natti Natasha,11/20/17,gt
Criminal,Natti Natasha,11/20/17,pe
Criminal,Natti Natasha,11/20/17,mx
Criminal,Natti Natasha,11/20/17,uy
Shape of You,Ed Sheeran,11/30/17,jp
rockstar,Post Malone,11/30/17,pt
rockstar,Post Malone,11/30/17,us
rockstar,Post Malone,11/30/17,ca
rockstar,Post Malone,11/30/17,gr
rockstar,Post Malone,11/30/17,ch
rockstar,Post Malone,11/30/17,lv
rockstar,Post Malone,11/30/17,au
rockstar,Post Malone,11/30/17,fi
rockstar,Post Malone,11/30/17,be
rockstar,Post Malone,11/30/17,pl
rockstar,Post Malone,11/30/17,se
rockstar,Post Malone,11/30/17,ie
rockstar,Post Malone,11/30/17,sk
rockstar,Post Malone,11/30/17,gb
Criminal,Natti Natasha,11/30/17,pe
Criminal,Natti Natasha,11/30/17,mx
Shape of You,Ed Sheeran,12/1/17,jp
rockstar,Post Malone,12/1/17,pt
rockstar,Post Malone,12/1/17,us
rockstar,Post Malone,12/1/17,ca
rockstar,Post Malone,12/1/17,gr
rockstar,Post Malone,12/1/17,ch
rockstar,Post Malone,12/1/17,lv
rockstar,Post Malone,12/1/17,au
rockstar,Post Malone,12/1/17,lt
rockstar,Post Malone,12/1/17,ee
rockstar,Post Malone,12/1/17,be
rockstar,Post Malone,12/1/17,pl
rockstar,Post Malone,12/1/17,cz
rockstar,Post Malone,12/1/17,sk
Criminal,Natti Natasha,12/1/17,pe
Criminal,Natti Natasha,12/1/17,mx
Shape of You,Ed Sheeran,12/10/17,jp
rockstar,Post Malone,12/10/17,pt
rockstar,Post Malone,12/10/17,us
rockstar,Post Malone,12/10/17,ca
rockstar,Post Malone,12/10/17,gr
rockstar,Post Malone,12/10/17,lv
rockstar,Post Malone,12/10/17,au
rockstar,Post Malone,12/10/17,lt
rockstar,Post Malone,12/10/17,ee
rockstar,Post Malone,12/10/17,sk
Criminal,Natti Natasha,12/10/17,ar
Criminal,Natti Natasha,12/10/17,pe
Criminal,Natti Natasha,12/10/17,mx
Shape of You,Ed Sheeran,12/20/17,jp
rockstar,Post Malone,12/20/17,pt
rockstar,Post Malone,12/20/17,us
rockstar,Post Malone,12/20/17,ca
rockstar,Post Malone,12/20/17,lv
rockstar,Post Malone,12/20/17,ee
Shape of You,Ed Sheeran,12/30/17,jp
rockstar,Post Malone,12/30/17,pt
rockstar,Post Malone,12/30/17,us
rockstar,Post Malone,12/30/17,ca
rockstar,Post Malone,12/30/17,gr
rockstar,Post Malone,12/30/17,ch
rockstar,Post Malone,12/30/17,lv
rockstar,Post Malone,12/30/17,au
rockstar,Post Malone,12/30/17,be
rockstar,Post Malone,12/30/17,pl
rockstar,Post Malone,12/30/17,cz